FileName;Center (px) (x-axis);Center (px) (y-axis);Diameter (px) (x-axis);Diameter (px) (y-axis);Diameter (px);;;;;;;;;;;;;;
SG_730_012A_1;200;156;15;10;18,02775638;;;;SG_730_012A_1;122;242;;SG_730_012A_1;31;;116,1034022;12,97224362;108,4085613;15,53336534
SG_730_012A_1_g;214;207;20;5;20,61552813;;;;SG_730_012A_1_g;381;104;;SG_730_012A_1_g;21;;196,2090722;0,38447187;109,0096763;4,195211241
SG_730_012A_10;155;185;7;12;13,89244399;;;;SG_730_012A_10;156;159;;SG_730_012A_10;92;;26,01922366;78,10755601;114,1132778;26,55950123
SG_730_012A_10_g;145;211;7;15;16,55294536;;;;SG_730_012A_10_g;169;217;;SG_730_012A_10_g;13;;24,73863375;3,55294536;;
SG_730_012A_2;215;182;17;9;19,23538406;;;;SG_730_012A_2;365;222;;SG_730_012A_2;26;;155,241747;6,76461594;;
SG_730_012A_2_g;187;167;13;9;15,8113883;;;;SG_730_012A_2_g;342;95;;SG_730_012A_2_g;15;;170,9064071;0,8113883;;
SG_730_012A_3;166;175;14;10;17,20465053;;;;SG_730_012A_3;85;237;;SG_730_012A_3;26;;102,0049018;8,79534947;;
SG_730_012A_3_g;201;159;16;9;18,35755975;;;;SG_730_012A_3_g;101;171;;SG_730_012A_3_g;23;;100,7174265;4,64244025;;
SG_730_012A_4;189;179;18;11;21,09502311;;;;SG_730_012A_4;353;218;;SG_730_012A_4;26;;168,5734261;4,90497689;;
SG_730_012A_4_g;190;182;14;8;16,1245155;;;;SG_730_012A_4_g;85;182;;SG_730_012A_4_g;17;;105;0,8754845;;
SG_730_012A_5;182;166;17;7;18,38477631;;;;SG_730_012A_5;347;193;;SG_730_012A_5;19;;167,1944975;0,61522369;;
SG_730_012A_5_g;183;164;12;9;15;;;;SG_730_012A_5_g;178;170;;SG_730_012A_5_g;20;;7,810249676;5;;
SG_730_012A_6;189;218;14;6;15,23154621;;;;SG_730_012A_6;235;354;;SG_730_012A_6;35;;143,5687988;19,76845379;;
SG_730_012A_6_g;211;188;11;15;18,60107524;;;;SG_730_012A_6_g;310;82;;SG_730_012A_6_g;25;;145,0413734;6,39892476;;
SG_730_012A_7;185;188;15;8;17;;;;SG_730_012A_7;162;158;;SG_730_012A_7;111;;37,80211634;94;;
SG_730_012A_7_g;221;168;14;10;17,20465053;;;;SG_730_012A_7_g;362;76;;SG_730_012A_7_g;19;;168,3597339;1,79534947;;
SG_730_012A_8;218;194;18;9;20,1246118;;;;SG_730_012A_8;128;161;;SG_730_012A_8;78;;95,85927185;57,8753882;;
SG_730_012A_8_g;238;189;17;9;19,23538406;;;;SG_730_012A_8_g;388;118;;SG_730_012A_8_g;21;;165,9548131;1,76461594;;
SG_730_012A_9;186;193;15;10;18,02775638;;;;SG_730_012A_9;341;206;;SG_730_012A_9;19;;155,5442059;0,97224362;;
SG_730_012A_9_g;161;211;12;8;14,4222051;;;;SG_730_012A_9_g;335;115;;SG_730_012A_9_g;26;;198,7259419;11,5777949;;
SG_730_012A_cam;165;162;16;8;17,88854382;;;;SG_730_012A_cam;127;165;;SG_730_012A_cam;82;;38,11823711;64,11145618;;
SG_730_012A_cam_g;173;184;12;15;19,20937271;;;;SG_730_012A_cam_g;174;161;;SG_730_012A_cam_g;20;;23,02172887;0,79062729;;
SG_730_012A_lb;224;197;7;12;13,89244399;;;;SG_730_012A_lb;202;314;;SG_730_012A_lb;15;;119,0504095;1,10755601;;
SG_730_012A_lb_g;227;190;6;12;13,41640786;;;;SG_730_012A_lb_g;187;192;;SG_730_012A_lb_g;18;;40,04996879;4,58359214;;
SG_730_012A_lt;190;167;5;10;11,18033989;;;;SG_730_012A_lt;314;220;;SG_730_012A_lt;28;;134,8517705;16,81966011;;
SG_730_012A_lt_g;198;169;13;8;15,26433752;;;;SG_730_012A_lt_g;349;94;;SG_730_012A_lt_g;24;;168,6001186;8,73566248;;
SG_730_012A_rb;177;189;8;12;14,4222051;;;;SG_730_012A_rb;338;206;;SG_730_012A_rb;34;;161,8950277;19,5777949;;
SG_730_012A_rb_g;144;204;10;5;11,18033989;;;;SG_730_012A_rb_g;144;215;;SG_730_012A_rb_g;19;;11;7,81966011;;
SG_730_012A_rt;155;173;15;8;17;;;;SG_730_012A_rt;104;247;;SG_730_012A_rt;29;;89,87213139;12;;
SG_730_012A_rt_g;170;172;14;8;16,1245155;;;;SG_730_012A_rt_g;162;184;;SG_730_012A_rt_g;25;;14,4222051;8,8754845;;
SG_730_037A_1;202;170;15;7;16,55294536;;;;SG_730_037A_1;100;164;;SG_730_037A_1;26;;102,1763182;9,44705464;;
SG_730_037A_1_g;236;161;16;5;16,76305461;;;;SG_730_037A_1_g;229;163;;SG_730_037A_1_g;26;;7,280109889;9,23694539;;
SG_730_037A_10;172;189;14;7;15,65247584;;;;SG_730_037A_10;90;173;;SG_730_037A_10;24;;83,5463943;8,34752416;;
SG_730_037A_10_g;174;180;13;5;13,92838828;;;;SG_730_037A_10_g;326;81;;SG_730_037A_10_g;21;;181,3973539;7,07161172;;
SG_730_037A_2;211;196;16;7;17,4642492;;;;SG_730_037A_2;127;186;;SG_730_037A_2;24;;84,59314393;6,5357508;;
SG_730_037A_2_g;194;172;13;10;16,40121947;;;;SG_730_037A_2_g;345;90;;SG_730_037A_2_g;24;;171,8284028;7,59878053;;
SG_730_037A_3;173;169;16;7;17,4642492;;;;SG_730_037A_3;331;209;;SG_730_037A_3;25;;162,9846619;7,5357508;;
SG_730_037A_3_g;178;159;14;7;15,65247584;;;;SG_730_037A_3_g;178;173;;SG_730_037A_3_g;19;;14;3,34752416;;
SG_730_037A_4;161;185;16;6;17,08800749;;;;SG_730_037A_4;306;252;;SG_730_037A_4;14;;159,7310239;3,08800749;;
SG_730_037A_4_g;170;170;16;6;17,08800749;;;;SG_730_037A_4_g;332;86;;SG_730_037A_4_g;22;;182,4828759;4,91199251;;
SG_730_037A_5;168;174;15;4;15,5241747;;;;SG_730_037A_5;83;160;;SG_730_037A_5;25;;86,14522622;9,4758253;;
SG_730_037A_5_g;196;159;14;9;16,64331698;;;;SG_730_037A_5_g;342;69;;SG_730_037A_5_g;25;;171,5109326;8,35668302;;
SG_730_037A_6;175;188;14;6;15,23154621;;;;SG_730_037A_6;88;169;;SG_730_037A_6;27;;89,05054744;11,76845379;;
SG_730_037A_6_g;195;165;9;11;14,2126704;;;;SG_730_037A_6_g;328;75;;SG_730_037A_6_g;26;;160,5895389;11,7873296;;
SG_730_037A_7;231;196;14;5;14,86606875;;;;SG_730_037A_7;338;305;;SG_730_037A_7;17;;152,7416119;2,13393125;;
SG_730_037A_7_g;236;172;13;10;16,40121947;;;;SG_730_037A_7_g;225;179;;SG_730_037A_7_g;22;;13,03840481;5,59878053;;
SG_730_037A_8;213;186;13;5;13,92838828;;;;SG_730_037A_8;262;171;;SG_730_037A_8;58;;51,2445119;44,07161172;;
SG_730_037A_8_g;197;186;12;6;13,41640786;;;;SG_730_037A_8_g;265;199;;SG_730_037A_8_g;13;;69,23149572;0,41640786;;
SG_730_037A_9;185;209;12;7;13,89244399;;;;SG_730_037A_9;313;310;;SG_730_037A_9;19;;163,0490724;5,10755601;;
SG_730_037A_9_g;174;170;14;8;16,1245155;;;;SG_730_037A_9_g;173;178;;SG_730_037A_9_g;26;;8,062257748;9,8754845;;
SG_730_037A_cam;156;161;14;9;16,64331698;;;;SG_730_037A_cam;273;106;;SG_730_037A_cam;79;;129,2826361;62,35668302;;
SG_730_037A_cam_g;189;162;18;8;19,6977156;;;;SG_730_037A_cam_g;199;146;;SG_730_037A_cam_g;21;;18,86796226;1,3022844;;
SG_730_037A_lb;177;188;12;8;14,4222051;;;;SG_730_037A_lb;91;227;;SG_730_037A_lb;22;;94,42986816;7,5777949;;
SG_730_037A_lb_g;216;215;10;5;11,18033989;;;;SG_730_037A_lb_g;195;218;;SG_730_037A_lb_g;19;;21,21320344;7,81966011;;
SG_730_037A_lt;167;157;13;7;14,76482306;;;;SG_730_037A_lt;77;228;;SG_730_037A_lt;26;;114,6342008;11,23517694;;
SG_730_037A_lt_g;209;163;14;9;16,64331698;;;;SG_730_037A_lt_g;334;90;;SG_730_037A_lt_g;22;;144,7549654;5,35668302;;
SG_730_037A_rb;153;205;10;2;10,19803903;;;;SG_730_037A_rb;324;218;;SG_730_037A_rb;20;;171,4934401;9,80196097;;
SG_730_037A_rb_g;171;197;13;5;13,92838828;;;;SG_730_037A_rb_g;261;212;;SG_730_037A_rb_g;15;;91,24143795;1,07161172;;
SG_730_037A_rt;134;146;16;8;17,88854382;;;;SG_730_037A_rt;93;217;;SG_730_037A_rt;25;;81,98780397;7,11145618;;
SG_730_037A_rt_g;197;174;11;12;16,2788206;;;;SG_730_037A_rt_g;201;187;;SG_730_037A_rt_g;13;;13,60147051;3,2788206;;
SG_730_060A_1;184;175;14;9;16,64331698;;;;SG_730_060A_1;188;172;;SG_730_060A_1;14;;5;2,64331698;;
SG_730_060A_1_g;168;179;16;5;16,76305461;;;;SG_730_060A_1_g;311;111;;SG_730_060A_1_g;26;;158,344561;9,23694539;;
SG_730_060A_10;191;187;17;5;17,72004515;;;;SG_730_060A_10;185;188;;SG_730_060A_10;25;;6,08276253;7,27995485;;
SG_730_060A_10_g;162;189;12;7;13,89244399;;;;SG_730_060A_10_g;249;202;;SG_730_060A_10_g;18;;87,96590248;4,10755601;;
SG_730_060A_2;197;185;14;8;16,1245155;;;;SG_730_060A_2;114;250;;SG_730_060A_2;18;;105,4229577;1,8754845;;
SG_730_060A_2_g;174;187;13;9;15,8113883;;;;SG_730_060A_2_g;175;196;;SG_730_060A_2_g;15;;9,055385138;0,8113883;;
SG_730_060A_3;190;199;15;8;17;;;;SG_730_060A_3;113;271;;SG_730_060A_3;18;;105,4182147;1;;
SG_730_060A_3_g;175;174;15;8;17;;;;SG_730_060A_3_g;175;182;;SG_730_060A_3_g;17;;8;0;;
SG_730_060A_4;167;183;18;8;19,6977156;;;;SG_730_060A_4;95;244;;SG_730_060A_4;16;;94,36630755;3,6977156;;
SG_730_060A_4_g;165;182;14;10;17,20465053;;;;SG_730_060A_4_g;163;185;;SG_730_060A_4_g;25;;3,605551275;7,79534947;;
SG_730_060A_5;165;179;15;8;17;;;;SG_730_060A_5;269;194;;SG_730_060A_5;14;;105,0761629;3;;
SG_730_060A_5_g;182;174;15;6;16,15549442;;;;SG_730_060A_5_g;185;180;;SG_730_060A_5_g;23;;6,708203932;6,84450558;;
SG_730_060A_6;179;199;15;6;16,15549442;;;;SG_730_060A_6;177;205;;SG_730_060A_6;18;;6,32455532;1,84450558;;
SG_730_060A_6_g;182;184;17;1;17,02938637;;;;SG_730_060A_6_g;177;188;;SG_730_060A_6_g;23;;6,403124237;5,97061363;;
SG_730_060A_7;233;201;16;8;17,88854382;;;;SG_730_060A_7;117;181;;SG_730_060A_7;37;;117,7115118;19,11145618;;
SG_730_060A_7_g;192;177;15;6;16,15549442;;;;SG_730_060A_7_g;185;183;;SG_730_060A_7_g;25;;9,219544457;8,84450558;;
SG_730_060A_8;223;226;13;6;14,31782106;;;;SG_730_060A_8;214;234;;SG_730_060A_8;15;;12,04159458;0,68217894;;
SG_730_060A_8_g;173;183;15;7;16,55294536;;;;SG_730_060A_8_g;253;189;;SG_730_060A_8_g;14;;80,22468448;2,55294536;;
SG_730_060A_9;213;220;14;7;15,65247584;;;;SG_730_060A_9;208;111;;SG_730_060A_9;51;;109,1146186;35,34752416;;
SG_730_060A_9_g;203;196;14;10;17,20465053;;;;SG_730_060A_9_g;278;208;;SG_730_060A_9_g;18;;75,95393341;0,79534947;;
SG_730_060A_cam;214;173;16;9;18,35755975;;;;SG_730_060A_cam;344;263;;SG_730_060A_cam;16;;158,113883;2,35755975;;
SG_730_060A_cam_g;175;143;13;7;14,76482306;;;;SG_730_060A_cam_g;314;74;;SG_730_060A_cam_g;26;;155,183762;11,23517694;;
SG_730_060A_lb;215;197;13;6;14,31782106;;;;SG_730_060A_lb;273;212;;SG_730_060A_lb;24;;59,9082632;9,68217894;;
SG_730_060A_lt;214;178;14;9;16,64331698;;;;SG_730_060A_lt;211;171;;SG_730_060A_lt;20;;7,615773106;3,35668302;;
SG_730_060A_lt_g;185;161;15;7;16,55294536;;;;SG_730_060A_lt_g;298;87;;SG_730_060A_lt_g;27;;135,0740538;10,44705464;;
SG_730_060A_rb_g;168;192;12;6;13,41640786;;;;SG_730_060A_rb_g;320;95;;SG_730_060A_rb_g;20;;180,3136157;6,58359214;;
SG_730_060A_rt;137;170;14;9;16,64331698;;;;SG_730_060A_rt;280;252;;SG_730_060A_rt;15;;164,8423489;1,64331698;;
SG_730_060A_rt_g;174;165;10;8;12,80624847;;;;SG_730_060A_rt_g;177;174;;SG_730_060A_rt_g;14;;9,486832981;1,19375153;;
SG_730_084A_1;193;171;12;11;16,2788206;;;;SG_730_084A_1;294;247;;SG_730_084A_1;23;;126,4001582;6,7211794;;
SG_730_084A_1_g;187;162;14;7;15,65247584;;;;SG_730_084A_1_g;309;82;;SG_730_084A_1_g;25;;145,8903698;9,34752416;;
SG_730_084A_10;166;184;14;8;16,1245155;;;;SG_730_084A_10;289;234;;SG_730_084A_10;14;;132,7742445;2,1245155;;
SG_730_084A_10_g;164;173;12;6;13,41640786;;;;SG_730_084A_10_g;239;187;;SG_730_084A_10_g;16;;76,29547824;2,58359214;;
SG_730_084A_2;190;163;15;9;17,49285568;;;;SG_730_084A_2;310;244;;SG_730_084A_2;17;;144,7791421;0,49285568;;
SG_730_084A_2_g;163;157;13;12;17,69180601;;;;SG_730_084A_2_g;161;166;;SG_730_084A_2_g;16;;9,219544457;1,69180601;;
SG_730_084A_3;159;171;16;6;17,08800749;;;;SG_730_084A_3;288;245;;SG_730_084A_3;16;;148,7178537;1,08800749;;
SG_730_084A_3_g;163;168;13;7;14,76482306;;;;SG_730_084A_3_g;170;168;;SG_730_084A_3_g;18;;7;3,23517694;;
SG_730_084A_4;189;197;13;9;15,8113883;;;;SG_730_084A_4;121;256;;SG_730_084A_4;17;;90,02777349;1,1886117;;
SG_730_084A_4_g;151;146;15;6;16,15549442;;;;SG_730_084A_4_g;156;149;;SG_730_084A_4_g;20;;5,830951895;3,84450558;;
SG_730_084A_5;178;183;15;9;17,49285568;;;;SG_730_084A_5;87;178;;SG_730_084A_5;25;;91,13725912;7,50714432;;
SG_730_084A_5_g;172;166;15;8;17;;;;SG_730_084A_5_g;173;176;;SG_730_084A_5_g;19;;10,04987562;2;;
SG_730_084A_6;181;190;10;14;17,20465053;;;;SG_730_084A_6;296;254;;SG_730_084A_6;13;;131,6092702;4,20465053;;
SG_730_084A_6_g;181;169;17;8;18,78829423;;;;SG_730_084A_6_g;314;92;;SG_730_084A_6_g;24;;153,6814888;5,21170577;;
SG_730_084A_7;198;191;12;10;15,62049935;;;;SG_730_084A_7;286;205;;SG_730_084A_7;16;;89,10667764;0,37950065;;
SG_730_084A_7_g;182;198;11;11;15,55634919;;;;SG_730_084A_7_g;186;202;;SG_730_084A_7_g;28;;5,656854249;12,44365081;;
SG_730_084A_8;172;181;15;11;18,60107524;;;;SG_730_084A_8;161;64;;SG_730_084A_8;19;;117,5159564;0,39892476;;
SG_730_084A_8_g;175;155;16;9;18,35755975;;;;SG_730_084A_8_g;247;166;;SG_730_084A_8_g;13;;72,83543094;5,35755975;;
SG_730_084A_9;178;192;15;9;17,49285568;;;;SG_730_084A_9;95;244;;SG_730_084A_9;13;;97,94386147;4,49285568;;
SG_730_084A_9_g;195;172;13;10;16,40121947;;;;SG_730_084A_9_g;271;185;;SG_730_084A_9_g;16;;77,1038261;0,40121947;;
SG_730_084A_cam;174;144;13;12;17,69180601;;;;SG_730_084A_cam;142;134;;SG_730_084A_cam;16;;33,52610923;1,69180601;;
SG_730_084A_cam_g;167;148;15;6;16,15549442;;;;SG_730_084A_cam_g;305;86;;SG_730_084A_cam_g;16;;151,2878052;0,15549442;;
SG_730_084A_lb_g;168;159;12;12;16,97056275;;;;SG_730_084A_lb_g;222;171;;SG_730_084A_lb_g;16;;55,31726674;0,97056275;;
SG_730_084A_lt;206;219;13;8;15,26433752;;;;SG_730_084A_lt;207;207;;SG_730_084A_lt;28;;12,04159458;12,73566248;;
SG_730_084A_lt_g;159;166;12;10;15,62049935;;;;SG_730_084A_lt_g;276;100;;SG_730_084A_lt_g;27;;134,3316791;11,37950065;;
SG_730_084A_rb_g;122;169;14;9;16,64331698;;;;SG_730_084A_rb_g;279;91;;SG_730_084A_rb_g;21;;175,3082999;4,35668302;;
SG_730_084A_rt;152;182;13;9;15,8113883;;;;SG_730_084A_rt;104;256;;SG_730_084A_rt;22;;88,20430828;6,1886117;;
SG_730_084A_rt_g;147;151;10;12;15,62049935;;;;SG_730_084A_rt_g;158;161;;SG_730_084A_rt_g;17;;14,86606875;1,37950065;;
SG_730_103A_1;231;204;16;7;17,4642492;;;;SG_730_103A_1;114;202;;SG_730_103A_1;22;;117,0170928;4,5357508;;
SG_730_103A_1_g;173;159;13;5;13,92838828;;;;SG_730_103A_1_g;180;162;;SG_730_103A_1_g;21;;7,615773106;7,07161172;;
SG_730_103A_10;193;209;14;10;17,20465053;;;;SG_730_103A_10;291;227;;SG_730_103A_10;18;;99,63934966;0,79534947;;
SG_730_103A_10_g;161;153;15;5;15,8113883;;;;SG_730_103A_10_g;242;166;;SG_730_103A_10_g;21;;82,03657721;5,1886117;;
SG_730_103A_2;208;200;19;10;21,47091055;;;;SG_730_103A_2;320;292;;SG_730_103A_2;13;;144,9413675;8,47091055;;
SG_730_103A_2_g;158;155;13;10;16,40121947;;;;SG_730_103A_2_g;161;161;;SG_730_103A_2_g;23;;6,708203932;6,59878053;;
SG_730_103A_3;201;194;13;12;17,69180601;;;;SG_730_103A_3;268;82;;SG_730_103A_3;21;;130,510536;3,30819399;;
SG_730_103A_3_g;167;181;15;6;16,15549442;;;;SG_730_103A_3_g;177;187;;SG_730_103A_3_g;24;;11,66190379;7,84450558;;
SG_730_103A_4;191;202;15;12;19,20937271;;;;SG_730_103A_4;106;254;;SG_730_103A_4;26;;99,64436763;6,79062729;;
SG_730_103A_4_g;160;168;15;8;17;;;;SG_730_103A_4_g;163;171;;SG_730_103A_4_g;29;;4,242640687;12;;
SG_730_103A_5;205;217;15;8;17;;;;SG_730_103A_5;115;271;;SG_730_103A_5;21;;104,9571341;4;;
SG_730_103A_5_g;163;161;15;9;17,49285568;;;;SG_730_103A_5_g;162;166;;SG_730_103A_5_g;28;;5,099019514;10,50714432;;
SG_730_103A_6_g;184;148;18;8;19,6977156;;;;SG_730_103A_6_g;180;152;;SG_730_103A_6_g;26;;5,656854249;6,3022844;;
SG_730_103A_7;247;205;15;17;22,6715681;;;;SG_730_103A_7;354;288;;SG_730_103A_7;22;;135,4178718;0,6715681;;
SG_730_103A_7_g;191;159;15;10;18,02775638;;;;SG_730_103A_7_g;191;167;;SG_730_103A_7_g;26;;8;7,97224362;;
SG_730_103A_8;196;224;14;8;16,1245155;;;;SG_730_103A_8;305;293;;SG_730_103A_8;18;;129,0038759;1,8754845;;
SG_730_103A_8_g;180;140;13;14;19,10497317;;;;SG_730_103A_8_g;185;148;;SG_730_103A_8_g;30;;9,433981132;10,89502683;;
SG_730_103A_9;235;215;15;9;17,49285568;;;;SG_730_103A_9;291;88;;SG_730_103A_9;24;;138,798415;6,50714432;;
SG_730_103A_9_g;192;170;11;11;15,55634919;;;;SG_730_103A_9_g;267;180;;SG_730_103A_9_g;19;;75,66372975;3,44365081;;
SG_730_103A_cam;222;186;16;12;20;;;;SG_730_103A_cam;229;172;;SG_730_103A_cam;30;;15,65247584;10;;
SG_730_103A_cam_g;175;151;10;9;13,45362405;;;;SG_730_103A_cam_g;308;89;;SG_730_103A_cam_g;13;;146,7412689;0,45362405;;
SG_730_103A_lb_g;171;180;10;11;14,86606875;;;;SG_730_103A_lb_g;226;189;;SG_730_103A_lb_g;16;;55,73149917;1,13393125;;
SG_730_103A_lt;237;191;17;10;19,72308292;;;;SG_730_103A_lt;235;176;;SG_730_103A_lt;26;;15,13274595;6,27691708;;
SG_730_103A_lt_g;172;140;12;5;13;;;;SG_730_103A_lt_g;188;139;;SG_730_103A_lt_g;30;;16,03121954;17;;
SG_730_103A_rb_g;138;165;18;6;18,97366596;;;;SG_730_103A_rb_g;286;80;;SG_730_103A_rb_g;18;;170,6722004;0,97366596;;
SG_730_103A_rt;191;188;11;13;17,02938637;;;;SG_730_103A_rt;203;168;;SG_730_103A_rt;13;;23,32380758;4,02938637;;
SG_730_103A_rt_g;148;145;14;8;16,1245155;;;;SG_730_103A_rt_g;167;154;;SG_730_103A_rt_g;16;;21,02379604;0,1245155;;
SG_850_017A_1;205;198;9;8;12,04159458;;;;SG_850_017A_1;247;341;;SG_850_017A_1;17;;149,040263;4,95840542;;
SG_850_017A_1_g;202;153;11;12;16,2788206;;;;SG_850_017A_1_g;199;152;;SG_850_017A_1_g;35;;3,16227766;18,7211794;;
SG_850_017A_10_g;167;159;10;7;12,20655562;;;;SG_850_017A_10_g;166;163;;SG_850_017A_10_g;30;;4,123105626;17,79344438;;
SG_850_017A_2_g;173;166;12;9;15;;;;SG_850_017A_2_g;168;163;;SG_850_017A_2_g;42;;5,830951895;27;;
SG_850_017A_3_g;172;143;18;9;20,1246118;;;;SG_850_017A_3_g;170;140;;SG_850_017A_3_g;40;;3,605551275;19,8753882;;
SG_850_017A_4_g;230;168;15;11;18,60107524;;;;SG_850_017A_4_g;132;161;;SG_850_017A_4_g;32;;98,24968193;13,39892476;;
SG_850_017A_5_g;176;146;14;13;19,10497317;;;;SG_850_017A_5_g;179;150;;SG_850_017A_5_g;36;;5;16,89502683;;
SG_850_017A_6_g;185;155;17;2;17,11724277;;;;SG_850_017A_6_g;177;159;;SG_850_017A_6_g;30;;8,94427191;12,88275723;;
SG_850_017A_7_g;200;158;13;9;15,8113883;;;;SG_850_017A_7_g;196;161;;SG_850_017A_7_g;32;;5;16,1886117;;
SG_850_017A_8_g;155;153;13;8;15,26433752;;;;SG_850_017A_8_g;241;159;;SG_850_017A_8_g;15;;86,20904825;0,26433752;;
SG_850_017A_9_g;181;169;13;6;14,31782106;;;;SG_850_017A_9_g;297;92;;SG_850_017A_9_g;33;;139,2300255;18,68217894;;
SG_850_017A_cam;184;202;9;8;12,04159458;;;;SG_850_017A_cam;344;226;;SG_850_017A_cam;20;;161,7899873;7,95840542;;
SG_850_017A_cam_g;170;152;15;12;19,20937271;;;;SG_850_017A_cam_g;300;123;;SG_850_017A_cam_g;42;;133,1953453;22,79062729;;
SG_850_017A_lb_g;167;173;14;5;14,86606875;;;;SG_850_017A_lb_g;162;181;;SG_850_017A_lb_g;33;;9,433981132;18,13393125;;
SG_850_017A_lt;167;185;15;12;19,20937271;;;;SG_850_017A_lt;161;85;;SG_850_017A_lt;38;;100,1798383;18,79062729;;
SG_850_017A_lt_g;173;164;16;12;20;;;;SG_850_017A_lt_g;184;167;;SG_850_017A_lt_g;36;;11,40175425;16;;
SG_850_017A_rb_g;138;158;14;10;17,20465053;;;;SG_850_017A_rb_g;274;79;;SG_850_017A_rb_g;35;;157,2800051;17,79534947;;
SG_850_017A_rt;184;166;16;11;19,41648784;;;;SG_850_017A_rt;362;160;;SG_850_017A_rt;25;;178,1010949;5,58351216;;
SG_850_017A_rt_g;167;162;15;12;19,20937271;;;;SG_850_017A_rt_g;173;156;;SG_850_017A_rt_g;39;;8,485281374;19,79062729;;
SG_850_040A_1;217;205;16;11;19,41648784;;;;SG_850_040A_1;102;191;;SG_850_040A_1;30;;115,8490397;10,58351216;;
SG_850_040A_1_g;181;143;15;9;17,49285568;;;;SG_850_040A_1_g;196;148;;SG_850_040A_1_g;37;;15,8113883;19,50714432;;
SG_850_040A_10;196;209;12;8;14,4222051;;;;SG_850_040A_10;184;216;;SG_850_040A_10;26;;13,89244399;11,5777949;;
SG_850_040A_10_g;199;173;16;11;19,41648784;;;;SG_850_040A_10_g;331;86;;SG_850_040A_10_g;29;;158,0917455;9,58351216;;
SG_850_040A_2;188;198;18;12;21,63330765;;;;SG_850_040A_2;85;180;;SG_850_040A_2;35;;104,560987;13,36669235;;
SG_850_040A_2_g;201;151;12;10;15,62049935;;;;SG_850_040A_2_g;205;154;;SG_850_040A_2_g;38;;5;22,37950065;;
SG_850_040A_3;212;191;14;13;19,10497317;;;;SG_850_040A_3;202;189;;SG_850_040A_3;34;;10,19803903;14,89502683;;
SG_850_040A_3_g;177;153;14;12;18,43908891;;;;SG_850_040A_3_g;183;154;;SG_850_040A_3_g;38;;6,08276253;19,56091109;;
SG_850_040A_4;203;209;18;12;21,63330765;;;;SG_850_040A_4;124;292;;SG_850_040A_4;18;;114,5862121;3,63330765;;
SG_850_040A_4_g;193;161;14;13;19,10497317;;;;SG_850_040A_4_g;274;176;;SG_850_040A_4_g;15;;82,37718131;4,10497317;;
SG_850_040A_5;212;199;22;7;23,08679276;;;;SG_850_040A_5;199;206;;SG_850_040A_5;28;;14,76482306;4,91320724;;
SG_850_040A_5_g;179;174;19;11;21,9544984;;;;SG_850_040A_5_g;283;78;;SG_850_040A_5_g;31;;141,5344481;9,0455016;;
SG_850_040A_6;222;211;14;14;19,79898987;;;;SG_850_040A_6;210;215;;SG_850_040A_6;28;;12,64911064;8,20101013;;
SG_850_040A_6_g;203;178;14;11;17,80449381;;;;SG_850_040A_6_g;332;98;;SG_850_040A_6_g;33;;151,7926217;15,19550619;;
SG_850_040A_7;230;201;14;11;17,80449381;;;;SG_850_040A_7;221;205;;SG_850_040A_7;26;;9,848857802;8,19550619;;
SG_850_040A_7_g;203;154;11;10;14,86606875;;;;SG_850_040A_7_g;269;168;;SG_850_040A_7_g;13;;67,46851117;1,86606875;;
SG_850_040A_8_g;187;143;21;7;22,13594362;;;;SG_850_040A_8_g;255;153;;SG_850_040A_8_g;20;;68,73136111;2,13594362;;
SG_850_040A_9_g;198;178;12;11;16,2788206;;;;SG_850_040A_9_g;262;189;;SG_850_040A_9_g;18;;64,93843238;1,7211794;;
SG_850_040A_cam;217;186;17;9;19,23538406;;;;SG_850_040A_cam;167;184;;SG_850_040A_cam;59;;50,03998401;39,76461594;;
SG_850_040A_cam_g;169;137;11;13;17,02938637;;;;SG_850_040A_cam_g;180;138;;SG_850_040A_cam_g;35;;11,04536102;17,97061363;;
SG_850_040A_lb_g;210;145;17;13;21,40093456;;;;SG_850_040A_lb_g;305;63;;SG_850_040A_lb_g;39;;125,4950198;17,59906544;;
SG_850_040A_lt;237;194;17;9;19,23538406;;;;SG_850_040A_lt;269;190;;SG_850_040A_lt;75;;32,24903099;55,76461594;;
SG_850_040A_lt_g;208;140;10;10;14,14213562;;;;SG_850_040A_lt_g;223;140;;SG_850_040A_lt_g;38;;15;23,85786438;;
SG_850_040A_rb;190;201;19;5;19,6468827;;;;SG_850_040A_rb;270;170;;SG_850_040A_rb;138;;85,79627032;118,3531173;;
SG_850_040A_rb_g;210;179;19;10;21,47091055;;;;SG_850_040A_rb_g;211;189;;SG_850_040A_rb_g;22;;10,04987562;0,52908945;;
SG_850_040A_rt;180;165;16;12;20;;;;SG_850_040A_rt;148;158;;SG_850_040A_rt;65;;32,75667871;45;;
SG_850_040A_rt_g;151;146;14;13;19,10497317;;;;SG_850_040A_rt_g;154;146;;SG_850_040A_rt_g;36;;3;16,89502683;;
SG_850_065A_1;187;167;10;8;12,80624847;;;;SG_850_065A_1;183;73;;SG_850_065A_1;24;;94,08506789;11,19375153;;
SG_850_065A_1_g;182;152;14;8;16,1245155;;;;SG_850_065A_1_g;185;153;;SG_850_065A_1_g;28;;3,16227766;11,8754845;;
SG_850_065A_10;144;160;17;9;19,23538406;;;;SG_850_065A_10;84;209;;SG_850_065A_10;14;;77,46612163;5,23538406;;
SG_850_065A_10_g;195;151;14;9;16,64331698;;;;SG_850_065A_10_g;276;162;;SG_850_065A_10_g;14;;81,74350127;2,64331698;;
SG_850_065A_2;168;150;14;9;16,64331698;;;;SG_850_065A_2;97;212;;SG_850_065A_2;18;;94,26027795;1,35668302;;
SG_850_065A_2_g;165;160;13;9;15,8113883;;;;SG_850_065A_2_g;297;83;;SG_850_065A_2_g;28;;152,8168839;12,1886117;;
SG_850_065A_3;160;149;17;11;20,24845673;;;;SG_850_065A_3;100;210;;SG_850_065A_3;20;;85,5628424;0,24845673;;
SG_850_065A_3_g;157;153;17;6;18,02775638;;;;SG_850_065A_3_g;159;149;;SG_850_065A_3_g;34;;4,472135955;15,97224362;;
SG_850_065A_4;148;163;17;6;18,02775638;;;;SG_850_065A_4;98;211;;SG_850_065A_4;23;;69,3108938;4,97224362;;
SG_850_065A_4_g;166;166;15;9;17,49285568;;;;SG_850_065A_4_g;170;167;;SG_850_065A_4_g;32;;4,123105626;14,50714432;;
SG_850_065A_5;169;153;13;7;14,76482306;;;;SG_850_065A_5;108;209;;SG_850_065A_5;23;;82,80700453;8,23517694;;
SG_850_065A_5_g;174;181;15;9;17,49285568;;;;SG_850_065A_5_g;301;92;;SG_850_065A_5_g;29;;155,0806242;11,50714432;;
SG_850_065A_6;175;146;14;6;15,23154621;;;;SG_850_065A_6;96;129;;SG_850_065A_6;29;;80,8084154;13,76845379;;
SG_850_065A_6_g;179;155;16;9;18,35755975;;;;SG_850_065A_6_g;309;74;;SG_850_065A_6_g;31;;153,1698404;12,64244025;;
SG_850_065A_7;179;141;18;1;18,02775638;;;;SG_850_065A_7;165;154;;SG_850_065A_7;27;;19,10497317;8,97224362;;
SG_850_065A_7_g;172;148;14;12;18,43908891;;;;SG_850_065A_7_g;174;151;;SG_850_065A_7_g;33;;3,605551275;14,56091109;;
SG_850_065A_8;178;162;15;7;16,55294536;;;;SG_850_065A_8;104;210;;SG_850_065A_8;15;;88,20430828;1,55294536;;
SG_850_065A_8_g;178;168;17;7;18,38477631;;;;SG_850_065A_8_g;301;81;;SG_850_065A_8_g;28;;150,6585544;9,61522369;;
SG_850_065A_9;181;152;14;10;17,20465053;;;;SG_850_065A_9;115;199;;SG_850_065A_9;14;;81,0246876;3,20465053;;
SG_850_065A_9_g;180;181;16;7;17,4642492;;;;SG_850_065A_9_g;177;188;;SG_850_065A_9_g;29;;7,615773106;11,5357508;;
SG_850_065A_cam;174;143;14;10;17,20465053;;;;SG_850_065A_cam;136;137;;SG_850_065A_cam;55;;38,47076812;37,79534947;;
SG_850_065A_cam_g;170;156;14;9;16,64331698;;;;SG_850_065A_cam_g;176;154;;SG_850_065A_cam_g;31;;6,32455532;14,35668302;;
SG_850_065A_lb_g;173;162;17;7;18,38477631;;;;SG_850_065A_lb_g;290;82;;SG_850_065A_lb_g;29;;141,7356695;10,61522369;;
SG_850_065A_lt;176;155;17;8;18,78829423;;;;SG_850_065A_lt;104;221;;SG_850_065A_lt;21;;97,67292358;2,21170577;;
SG_850_065A_lt_g;221;159;13;8;15,26433752;;;;SG_850_065A_lt_g;231;161;;SG_850_065A_lt_g;14;;10,19803903;1,26433752;;
SG_850_065A_rb;155;181;14;8;16,1245155;;;;SG_850_065A_rb;243;194;;SG_850_065A_rb;18;;88,95504483;1,8754845;;
SG_850_065A_rb_g;146;160;16;9;18,35755975;;;;SG_850_065A_rb_g;226;174;;SG_850_065A_rb_g;16;;81,21576202;2,35755975;;
SG_850_065A_rt;137;162;9;12;15;;;;SG_850_065A_rt;188;158;;SG_850_065A_rt;49;;51,15662225;34;;
SG_850_065A_rt_g;162;144;14;5;14,86606875;;;;SG_850_065A_rt_g;164;142;;SG_850_065A_rt_g;35;;2,828427125;20,13393125;;
SG_850_078A_1;176;162;15;7;16,55294536;;;;SG_850_078A_1;172;166;;SG_850_078A_1;33;;5,656854249;16,44705464;;
SG_850_078A_1_g;184;155;12;8;14,4222051;;;;SG_850_078A_1_g;194;159;;SG_850_078A_1_g;35;;10,77032961;20,5777949;;
SG_850_078A_10;144;160;12;10;15,62049935;;;;SG_850_078A_10;58;139;;SG_850_078A_10;33;;88,52683209;17,37950065;;
SG_850_078A_10_g;168;177;14;9;16,64331698;;;;SG_850_078A_10_g;301;109;;SG_850_078A_10_g;17;;149,3753661;0,35668302;;
SG_850_078A_2;188;153;17;6;18,02775638;;;;SG_850_078A_2;268;145;;SG_850_078A_2;66;;80,39900497;47,97224362;;
SG_850_078A_2_g;167;151;12;11;16,2788206;;;;SG_850_078A_2_g;177;159;;SG_850_078A_2_g;34;;12,80624847;17,7211794;;
SG_850_078A_3;179;172;15;10;18,02775638;;;;SG_850_078A_3;137;162;;SG_850_078A_3;66;;43,17406629;47,97224362;;
SG_850_078A_3_g;184;156;17;7;18,38477631;;;;SG_850_078A_3_g;192;162;;SG_850_078A_3_g;34;;10;15,61522369;;
SG_850_078A_4;157;158;17;11;20,24845673;;;;SG_850_078A_4;257;175;;SG_850_078A_4;17;;101,4347081;3,24845673;;
SG_850_078A_4_g;161;160;16;11;19,41648784;;;;SG_850_078A_4_g;242;175;;SG_850_078A_4_g;12;;82,37718131;7,41648784;;
SG_850_078A_5;191;138;19;6;19,92485885;;;;SG_850_078A_5;100;122;;SG_850_078A_5;34;;92,39588735;14,07514115;;
SG_850_078A_5_g;174;187;14;7;15,65247584;;;;SG_850_078A_5_g;256;201;;SG_850_078A_5_g;16;;83,18653737;0,34752416;;
SG_850_078A_6;199;162;15;9;17,49285568;;;;SG_850_078A_6;280;176;;SG_850_078A_6;16;;82,20097323;1,49285568;;
SG_850_078A_6_g;199;160;17;10;19,72308292;;;;SG_850_078A_6_g;276;175;;SG_850_078A_6_g;17;;78,44743463;2,72308292;;
SG_850_078A_7;180;162;15;12;19,20937271;;;;SG_850_078A_7;68;144;;SG_850_078A_7;34;;113,4372073;14,79062729;;
SG_850_078A_7_g;226;185;19;6;19,92485885;;;;SG_850_078A_7_g;226;194;;SG_850_078A_7_g;30;;9;10,07514115;;
SG_850_078A_8;183;157;14;6;15,23154621;;;;SG_850_078A_8;77;133;;SG_850_078A_8;24;;108,6830254;8,76845379;;
SG_850_078A_8_g;199;171;17;8;18,78829423;;;;SG_850_078A_8_g;266;185;;SG_850_078A_8_g;19;;68,44705983;0,21170577;;
SG_850_078A_9;191;162;18;9;20,1246118;;;;SG_850_078A_9;77;137;;SG_850_078A_9;27;;116,7090399;6,8753882;;
SG_850_078A_9_g;161;160;13;11;17,02938637;;;;SG_850_078A_9_g;380;264;;SG_850_078A_9_g;16;;242,4396832;1,02938637;;
SG_850_078A_cam;166;149;15;10;18,02775638;;;;SG_850_078A_cam;130;136;;SG_850_078A_cam;62;;38,27531842;43,97224362;;
SG_850_078A_cam_g;171;143;15;10;18,02775638;;;;SG_850_078A_cam_g;178;146;;SG_850_078A_cam_g;35;;7,615773106;16,97224362;;
SG_850_078A_lb;204;195;11;6;12,52996409;;;;SG_850_078A_lb;112;242;;SG_850_078A_lb;14;;103,3102125;1,47003591;;
SG_850_078A_lb_g;187;154;15;11;18,60107524;;;;SG_850_078A_lb_g;286;80;;SG_850_078A_lb_g;33;;123,6001618;14,39892476;;
SG_850_078A_lt;183;154;17;17;24,04163056;;;;SG_850_078A_lt;181;148;;SG_850_078A_lt;37;;6,32455532;12,95836944;;
SG_850_078A_lt_g;185;153;9;12;15;;;;SG_850_078A_lt_g;199;154;;SG_850_078A_lt_g;33;;14,03566885;18;;
SG_850_078A_rb;154;174;15;6;16,15549442;;;;SG_850_078A_rb;237;187;;SG_850_078A_rb;24;;84,01190392;7,84450558;;
SG_850_078A_rb_g;151;140;13;6;14,31782106;;;;SG_850_078A_rb_g;284;68;;SG_850_078A_rb_g;45;;151,2382227;30,68217894;;
SG_850_078A_rt;143;148;16;11;19,41648784;;;;SG_850_078A_rt;121;141;;SG_850_078A_rt;59;;23,08679276;39,58351216;;
SG_850_078A_rt_g;145;147;13;7;14,76482306;;;;SG_850_078A_rt_g;156;151;;SG_850_078A_rt_g;28;;11,70469991;13,23517694;;
SG_850_104A_1;211;160;15;8;17;;;;SG_850_104A_1;201;163;;SG_850_104A_1;35;;10,44030651;18;;
SG_850_104A_1_g;178;147;13;6;14,31782106;;;;SG_850_104A_1_g;189;149;;SG_850_104A_1_g;36;;11,18033989;21,68217894;;
SG_850_104A_10;160;153;15;7;16,55294536;;;;SG_850_104A_10;74;129;;SG_850_104A_10;22;;89,28605714;5,44705464;;
SG_850_104A_10_g;148;153;14;13;19,10497317;;;;SG_850_104A_10_g;282;89;;SG_850_104A_10_g;42;;148,4991582;22,89502683;;
SG_850_104A_2;183;168;17;6;18,02775638;;;;SG_850_104A_2;95;165;;SG_850_104A_2;34;;88,05112151;15,97224362;;
SG_850_104A_2_g;177;154;12;11;16,2788206;;;;SG_850_104A_2_g;183;160;;SG_850_104A_2_g;33;;8,485281374;16,7211794;;
SG_850_104A_3;170;155;17;10;19,72308292;;;;SG_850_104A_3;263;174;;SG_850_104A_3;16;;94,9210198;3,72308292;;
SG_850_104A_3_g;144;148;16;8;17,88854382;;;;SG_850_104A_3_g;238;166;;SG_850_104A_3_g;14;;95,70788891;3,88854382;;
SG_850_104A_4;198;159;15;7;16,55294536;;;;SG_850_104A_4;291;174;;SG_850_104A_4;16;;94,20191081;0,55294536;;
SG_850_104A_4_g;162;140;11;12;16,2788206;;;;SG_850_104A_4_g;251;152;;SG_850_104A_4_g;22;;89,80534505;5,7211794;;
SG_850_104A_5;181;176;11;7;13,03840481;;;;SG_850_104A_5;272;192;;SG_850_104A_5;15;;92,39588735;1,96159519;;
SG_850_104A_5_g;160;145;16;8;17,88854382;;;;SG_850_104A_5_g;241;158;;SG_850_104A_5_g;21;;82,03657721;3,11145618;;
SG_850_104A_6;194;173;13;13;18,38477631;;;;SG_850_104A_6;275;192;;SG_850_104A_6;14;;83,19855768;4,38477631;;
SG_850_104A_6_g;194;145;20;8;21,54065923;;;;SG_850_104A_6_g;269;159;;SG_850_104A_6_g;12;;76,29547824;9,54065923;;
SG_850_104A_7;216;179;14;10;17,20465053;;;;SG_850_104A_7;293;193;;SG_850_104A_7;13;;78,26237921;4,20465053;;
SG_850_104A_7_g;195;150;7;13;14,76482306;;;;SG_850_104A_7_g;306;89;;SG_850_104A_7_g;47;;126,6570172;32,23517694;;
SG_850_104A_8_g;159;155;14;8;16,1245155;;;;SG_850_104A_8_g;273;87;;SG_850_104A_8_g;44;;132,740348;27,8754845;;
SG_850_104A_9;169;195;10;14;17,20465053;;;;SG_850_104A_9;259;210;;SG_850_104A_9;18;;91,24143795;0,79534947;;
SG_850_104A_9_g;165;165;11;7;13,03840481;;;;SG_850_104A_9_g;293;93;;SG_850_104A_9_g;41;;146,860478;27,96159519;;
SG_850_104A_cam;176;144;19;10;21,47091055;;;;SG_850_104A_cam;75;135;;SG_850_104A_cam;17;;101,4001972;4,47091055;;
SG_850_104A_cam_g;153;136;14;4;14,56021978;;;;SG_850_104A_cam_g;213;128;;SG_850_104A_cam_g;13;;60,5309838;1,56021978;;
SG_850_104A_lb;223;185;16;10;18,86796226;;;;SG_850_104A_lb;99;155;;SG_850_104A_lb;19;;127,5774275;0,13203774;;
SG_850_104A_lb_g;186;177;14;11;17,80449381;;;;SG_850_104A_lb_g;288;99;;SG_850_104A_lb_g;37;;128,4056074;19,19550619;;
SG_850_104A_lt;183;163;14;10;17,20465053;;;;SG_850_104A_lt;172;160;;SG_850_104A_lt;37;;11,40175425;19,79534947;;
SG_850_104A_lt_g;206;164;11;9;14,2126704;;;;SG_850_104A_lt_g;220;162;;SG_850_104A_lt_g;37;;14,14213562;22,7873296;;
SG_850_104A_rb;150;179;14;12;18,43908891;;;;SG_850_104A_rb;236;200;;SG_850_104A_rb;28;;88,52683209;9,56091109;;
SG_850_104A_rb_g;144;144;15;9;17,49285568;;;;SG_850_104A_rb_g;282;69;;SG_850_104A_rb_g;42;;157,0636814;24,50714432;;
SG_850_104A_rt;184;163;15;9;17,49285568;;;;SG_850_104A_rt;356;230;;SG_850_104A_rt;16;;184,5887321;1,49285568;;
SG_850_104A_rt_g;151;144;14;7;15,65247584;;;;SG_850_104A_rt_g;156;147;;SG_850_104A_rt_g;33;;5,830951895;17,34752416;;
SG_940_026A_1;210;157;11;6;12,52996409;;;;SG_940_026A_1;334;155;;SG_940_026A_1;26;;124,016128;13,47003591;;
SG_940_026A_1_g;213;162;18;9;20,1246118;;;;SG_940_026A_1_g;229;138;;SG_940_026A_1_g;21;;28,8444102;0,8753882;;
SG_940_026A_10;246;188;13;8;15,26433752;;;;SG_940_026A_10;168;60;;SG_940_026A_10;47;;149,8932954;31,73566248;;
SG_940_026A_2;172;195;14;9;16,64331698;;;;SG_940_026A_2;305;227;;SG_940_026A_2;24;;136,7954678;7,35668302;;
SG_940_026A_2_g;235;172;14;8;16,1245155;;;;SG_940_026A_2_g;119;186;;SG_940_026A_2_g;20;;116,8417734;3,8754845;;
SG_940_026A_3;165;159;12;5;13;;;;SG_940_026A_3;108;179;;SG_940_026A_3;66;;60,40695324;53;;
SG_940_026A_3_g;178;164;14;9;16,64331698;;;;SG_940_026A_3_g;372;98;;SG_940_026A_3_g;34;;204,9194964;17,35668302;;
SG_940_026A_4;159;190;12;6;13,41640786;;;;SG_940_026A_4;107;199;;SG_940_026A_4;59;;52,77309921;45,58359214;;
SG_940_026A_4_g;189;182;19;5;19,6468827;;;;SG_940_026A_4_g;468;26;;SG_940_026A_4_g;33;;319,6513726;13,3531173;;
SG_940_026A_5;185;177;15;9;17,49285568;;;;SG_940_026A_5;106;184;;SG_940_026A_5;60;;79,30952024;42,50714432;;
SG_940_026A_5_g;196;159;21;9;22,84731932;;;;SG_940_026A_5_g;374;93;;SG_940_026A_5_g;36;;189,8420396;13,15268068;;
SG_940_026A_6;204;184;12;7;13,89244399;;;;SG_940_026A_6;256;149;;SG_940_026A_6;28;;62,68173578;14,10755601;;
SG_940_026A_7;181;177;15;7;16,55294536;;;;SG_940_026A_7;307;159;;SG_940_026A_7;28;;127,2792206;11,44705464;;
SG_940_048A_1;189;163;20;6;20,88061302;;;;SG_940_048A_1;127;175;;SG_940_048A_1;40;;63,15061362;19,11938698;;
SG_940_048A_1_g;228;193;11;6;12,52996409;;;;SG_940_048A_1_g;244;184;;SG_940_048A_1_g;14;;18,35755975;1,47003591;;
SG_940_048A_10;156;195;11;7;13,03840481;;;;SG_940_048A_10;234;307;;SG_940_048A_10;30;;136,4844313;16,96159519;;
SG_940_048A_10_g;207;208;15;12;19,20937271;;;;SG_940_048A_10_g;106;208;;SG_940_048A_10_g;31;;101;11,79062729;;
SG_940_048A_2;208;147;16;8;17,88854382;;;;SG_940_048A_2;157;158;;SG_940_048A_2;42;;52,17278984;24,11145618;;
SG_940_048A_2_g;208;171;19;11;21,9544984;;;;SG_940_048A_2_g;90;177;;SG_940_048A_2_g;14;;118,1524439;7,9544984;;
SG_940_048A_3;175;162;16;9;18,35755975;;;;SG_940_048A_3;137;178;;SG_940_048A_3;42;;41,23105626;23,64244025;;
SG_940_048A_3_g;176;189;13;10;16,40121947;;;;SG_940_048A_3_g;83;190;;SG_940_048A_3_g;14;;93,00537619;2,40121947;;
SG_940_048A_4;166;151;13;8;15,26433752;;;;SG_940_048A_4;115;147;;SG_940_048A_4;25;;51,15662225;9,73566248;;
SG_940_048A_4_g;200;202;15;11;18,60107524;;;;SG_940_048A_4_g;190;210;;SG_940_048A_4_g;22;;12,80624847;3,39892476;;
SG_940_048A_5;214;169;12;9;15;;;;SG_940_048A_5;149;185;;SG_940_048A_5;40;;66,94027188;25;;
SG_940_048A_5_g;219;215;14;6;15,23154621;;;;SG_940_048A_5_g;93;220;;SG_940_048A_5_g;15;;126,0991673;0,23154621;;
SG_940_048A_6;169;165;15;5;15,8113883;;;;SG_940_048A_6;167;167;;SG_940_048A_6;25;;2,828427125;9,1886117;;
SG_940_048A_6_g;183;161;18;6;18,97366596;;;;SG_940_048A_6_g;181;168;;SG_940_048A_6_g;17;;7,280109889;1,97366596;;
SG_940_048A_7;179;173;13;7;14,76482306;;;;SG_940_048A_7;221;286;;SG_940_048A_7;20;;120,552893;5,23517694;;
SG_940_048A_7_g;222;217;3;13;13,34166406;;;;SG_940_048A_7_g;100;186;;SG_940_048A_7_g;16;;125,876924;2,65833594;;
SG_940_048A_8;182;175;15;9;17,49285568;;;;SG_940_048A_8;163;122;;SG_940_048A_8;24;;56,30275304;6,50714432;;
SG_940_048A_8_g;217;190;15;7;16,55294536;;;;SG_940_048A_8_g;406;111;;SG_940_048A_8_g;19;;204,8462838;2,44705464;;
SG_940_048A_9_g;184;219;12;8;14,4222051;;;;SG_940_048A_9_g;317;96;;SG_940_048A_9_g;26;;181,1573901;11,5777949;;
SG_940_048A_cam;160;165;10;8;12,80624847;;;;SG_940_048A_cam;115;193;;SG_940_048A_cam;32;;53;19,19375153;;
SG_940_048A_cam_g;210;154;12;15;19,20937271;;;;SG_940_048A_cam_g;207;148;;SG_940_048A_cam_g;29;;6,708203932;9,79062729;;
SG_940_048A_lb;175;190;12;8;14,4222051;;;;SG_940_048A_lb;103;197;;SG_940_048A_lb;30;;72,33947747;15,5777949;;
SG_940_048A_lb_g;191;209;8;9;12,04159458;;;;SG_940_048A_lb_g;201;213;;SG_940_048A_lb_g;18;;10,77032961;5,95840542;;
SG_940_048A_lt;167;158;15;13;19,84943324;;;;SG_940_048A_lt;88;235;;SG_940_048A_lt;32;;110,317723;12,15056676;;
SG_940_048A_lt_g;233;174;18;10;20,59126028;;;;SG_940_048A_lt_g;237;158;;SG_940_048A_lt_g;15;;16,4924225;5,59126028;;
SG_940_048A_rb;134;156;13;10;16,40121947;;;;SG_940_048A_rb;230;169;;SG_940_048A_rb;14;;96,87620967;2,40121947;;
SG_940_048A_rb_g;186;178;18;10;20,59126028;;;;SG_940_048A_rb_g;99;172;;SG_940_048A_rb_g;19;;87,20665112;1,59126028;;
SG_940_048A_rt;160;136;17;8;18,78829423;;;;SG_940_048A_rt;321;116;;SG_940_048A_rt;14;;162,2374803;4,78829423;;
SG_940_048A_rt_g;185;168;13;12;17,69180601;;;;SG_940_048A_rt_g;202;154;;SG_940_048A_rt_g;19;;22,02271555;1,30819399;;
SG_940_079A_1;218;154;14;9;16,64331698;;;;SG_940_079A_1;156;171;;SG_940_079A_1;81;;64,28841264;64,35668302;;
SG_940_079A_1_g;187;154;19;16;24,8394847;;;;SG_940_079A_1_g;201;160;;SG_940_079A_1_g;20;;15,23154621;4,8394847;;
SG_940_079A_10;183;183;10;12;15,62049935;;;;SG_940_079A_10;247;296;;SG_940_079A_10;22;;129,8653148;6,37950065;;
SG_940_079A_10_g;163;196;12;12;16,97056275;;;;SG_940_079A_10_g;175;203;;SG_940_079A_10_g;18;;13,89244399;1,02943725;;
SG_940_079A_2;186;162;15;12;19,20937271;;;;SG_940_079A_2;314;200;;SG_940_079A_2;20;;133,5215338;0,79062729;;
SG_940_079A_2_g;178;144;12;7;13,89244399;;;;SG_940_079A_2_g;174;153;;SG_940_079A_2_g;22;;9,848857802;8,10755601;;
SG_940_079A_3;177;173;8;12;14,4222051;;;;SG_940_079A_3;228;295;;SG_940_079A_3;25;;132,2308587;10,5777949;;
SG_940_079A_3_g;142;170;13;18;22,20360331;;;;SG_940_079A_3_g;178;138;;SG_940_079A_3_g;16;;48,16637832;6,20360331;;
SG_940_079A_4;162;144;11;12;16,2788206;;;;SG_940_079A_4;114;171;;SG_940_079A_4;79;;55,07267925;62,7211794;;
SG_940_079A_4_g;142;170;14;12;18,43908891;;;;SG_940_079A_4_g;149;179;;SG_940_079A_4_g;15;;11,40175425;3,43908891;;
SG_940_079A_5;161;176;10;7;12,20655562;;;;SG_940_079A_5;105;186;;SG_940_079A_5;68;;56,88585061;55,79344438;;
SG_940_079A_5_g;177;162;18;19;26,17250466;;;;SG_940_079A_5_g;186;166;;SG_940_079A_5_g;24;;9,848857802;2,17250466;;
SG_940_079A_6;206;162;12;7;13,89244399;;;;SG_940_079A_6;247;278;;SG_940_079A_6;19;;123,032516;5,10755601;;
SG_940_079A_6_g;210;169;12;14;18,43908891;;;;SG_940_079A_6_g;216;162;;SG_940_079A_6_g;24;;9,219544457;5,56091109;;
SG_940_079A_7;220;183;15;11;18,60107524;;;;SG_940_079A_7;242;300;;SG_940_079A_7;26;;119,0504095;7,39892476;;
SG_940_079A_7_g;183;136;16;19;24,8394847;;;;SG_940_079A_7_g;198;136;;SG_940_079A_7_g;19;;15;5,8394847;;
SG_940_079A_8;190;193;8;6;10;;;;SG_940_079A_8;238;296;;SG_940_079A_8;22;;113,6353818;12;;
SG_940_079A_8_g;224;171;14;4;14,56021978;;;;SG_940_079A_8_g;210;177;;SG_940_079A_8_g;20;;15,23154621;5,43978022;;
SG_940_079A_9_g;189;192;12;6;13,41640786;;;;SG_940_079A_9_g;362;119;;SG_940_079A_9_g;18;;187,7711373;4,58359214;;
SG_940_079A_cam;195;156;15;8;17;;;;SG_940_079A_cam;146;176;;SG_940_079A_cam;82;;52,92447449;65;;
SG_940_079A_cam_g;184;146;20;20;28,28427125;;;;SG_940_079A_cam_g;194;141;;SG_940_079A_cam_g;26;;11,18033989;2,28427125;;
SG_940_079A_lb;187;190;10;19;21,47091055;;;;SG_940_079A_lb;222;285;;SG_940_079A_lb;26;;101,2422837;4,52908945;;
SG_940_079A_lb_g;171;178;13;17;21,40093456;;;;SG_940_079A_lb_g;178;182;;SG_940_079A_lb_g;21;;8,062257748;0,40093456;;
SG_940_079A_lt;169;160;18;17;24,75883681;;;;SG_940_079A_lt;201;278;;SG_940_079A_lt;14;;122,2620137;10,75883681;;
SG_940_079A_lt_g;211;152;13;23;26,41968963;;;;SG_940_079A_lt_g;219;144;;SG_940_079A_lt_g;27;;11,3137085;0,58031037;;
SG_940_079A_rb;150;185;11;16;19,41648784;;;;SG_940_079A_rb;223;294;;SG_940_079A_rb;21;;131,1868896;1,58351216;;
SG_940_079A_rb_g;152;163;19;14;23,60084744;;;;SG_940_079A_rb_g;178;172;;SG_940_079A_rb_g;20;;27,51363298;3,60084744;;
SG_940_079A_rt;148;145;7;18;19,31320792;;;;SG_940_079A_rt;99;218;;SG_940_079A_rt;28;;87,92041856;8,68679208;;
SG_940_079A_rt_g;173;154;20;16;25,61249695;;;;SG_940_079A_rt_g;175;152;;SG_940_079A_rt_g;31;;2,828427125;5,38750305;;
SG_940_102A_1;158;164;15;19;24,20743687;;;;SG_940_102A_1;172;172;;SG_940_102A_1;29;;16,1245155;4,79256313;;
SG_940_102A_1_g;208;184;17;15;22,6715681;;;;SG_940_102A_1_g;217;189;;SG_940_102A_1_g;14;;10,29563014;8,6715681;;
SG_940_102A_10;184;186;15;7;16,55294536;;;;SG_940_102A_10;189;187;;SG_940_102A_10;25;;5,099019514;8,44705464;;
SG_940_102A_10_g;196;181;23;16;28,01785145;;;;SG_940_102A_10_g;384;74;;SG_940_102A_10_g;26;;216,3168972;2,01785145;;
SG_940_102A_2;206;184;13;14;19,10497317;;;;SG_940_102A_2;205;88;;SG_940_102A_2;27;;96,00520819;7,89502683;;
SG_940_102A_2_g;203;156;11;17;20,24845673;;;;SG_940_102A_2_g;373;80;;SG_940_102A_2_g;47;;186,2149296;26,75154327;;
SG_940_102A_3;189;172;13;16;20,61552813;;;;SG_940_102A_3;112;237;;SG_940_102A_3;25;;100,7670581;4,38447187;;
SG_940_102A_3_g;171;150;15;20;25;;;;SG_940_102A_3_g;366;82;;SG_940_102A_3_g;41;;206,5163432;16;;
SG_940_102A_4;149;191;9;18;20,1246118;;;;SG_940_102A_4;123;210;;SG_940_102A_4;81;;32,20248438;60,8753882;;
SG_940_102A_4_g;168;145;15;10;18,02775638;;;;SG_940_102A_4_g;174;154;;SG_940_102A_4_g;20;;10,81665383;1,97224362;;
SG_940_102A_5;187;194;10;8;12,80624847;;;;SG_940_102A_5;184;192;;SG_940_102A_5;17;;3,605551275;4,19375153;;
SG_940_102A_5_g;202;179;13;10;16,40121947;;;;SG_940_102A_5_g;378;83;;SG_940_102A_5_g;24;;200,4794254;7,59878053;;
SG_940_102A_6;194;210;18;21;27,65863337;;;;SG_940_102A_6;265;182;;SG_940_102A_6;35;;76,32168761;7,34136663;;
SG_940_102A_6_g;213;180;21;19;28,31960452;;;;SG_940_102A_6_g;384;70;;SG_940_102A_6_g;20;;203,3248632;8,31960452;;
SG_940_102A_7;232;184;14;13;19,10497317;;;;SG_940_102A_7;302;139;;SG_940_102A_7;56;;83,21658489;36,89502683;;
SG_940_102A_7_g;219;173;17;7;18,38477631;;;;SG_940_102A_7_g;217;174;;SG_940_102A_7_g;27;;2,236067977;8,61522369;;
SG_940_102A_8;201;200;19;23;29,83286778;;;;SG_940_102A_8;271;171;;SG_940_102A_8;29;;75,76938696;0,83286778;;
SG_940_102A_8_g;195;174;17;23;28,60069929;;;;SG_940_102A_8_g;196;180;;SG_940_102A_8_g;21;;6,08276253;7,60069929;;
SG_940_102A_9_g;168;205;18;16;24,08318916;;;;SG_940_102A_9_g;174;207;;SG_940_102A_9_g;19;;6,32455532;5,08318916;;
SG_940_102A_cam;175;156;14;12;18,43908891;;;;SG_940_102A_cam;104;232;;SG_940_102A_cam;26;;104,0048076;7,56091109;;
SG_940_102A_cam_g;177;153;18;23;29,20616373;;;;SG_940_102A_cam_g;354;97;;SG_940_102A_cam_g;43;;185,6475155;13,79383627;;
SG_940_102A_lb;166;193;15;11;18,60107524;;;;SG_940_102A_lb;73;177;;SG_940_102A_lb;28;;94,36630755;9,39892476;;
SG_940_102A_lb_g;198;204;19;17;25,49509757;;;;SG_940_102A_lb_g;202;203;;SG_940_102A_lb_g;27;;4,123105626;1,50490243;;
SG_940_102A_lt;199;151;18;16;24,08318916;;;;SG_940_102A_lt;111;225;;SG_940_102A_lt;21;;114,9782588;3,08318916;;
SG_940_102A_lt_g;205;155;21;15;25,8069758;;;;SG_940_102A_lt_g;218;150;;SG_940_102A_lt_g;25;;13,92838828;0,8069758;;
SG_940_102A_rb_g;132;180;11;9;14,2126704;;;;SG_940_102A_rb_g;169;190;;SG_940_102A_rb_g;13;;38,32753579;1,2126704;;
SG_940_102A_rt;160;157;13;13;18,38477631;;;;SG_940_102A_rt;225;289;;SG_940_102A_rt;19;;147,1359915;0,61522369;;
SG_940_102A_rt_g;145;156;15;19;24,20743687;;;;SG_940_102A_rt_g;343;98;;SG_940_102A_rt_g;37;;206,3201396;12,79256313;;
SG_940_150A_1;193;154;18;10;20,59126028;;;;SG_940_150A_1;149;169;;SG_940_150A_1;28;;46,4865572;7,40873972;;
SG_940_150A_1_g;204;173;23;22;31,82766093;;;;SG_940_150A_1_g;378;75;;SG_940_150A_1_g;23;;199,6997747;8,82766093;;
SG_940_150A_10_g;185;182;18;9;20,1246118;;;;SG_940_150A_10_g;413;330;;SG_940_150A_10_g;14;;271,8234721;6,1246118;;
SG_940_150A_2;159;157;12;17;20,80865205;;;;SG_940_150A_2;114;170;;SG_940_150A_2;83;;46,84015371;62,19134795;;
SG_940_150A_2_g;211;172;12;15;19,20937271;;;;SG_940_150A_2_g;223;157;;SG_940_150A_2_g;15;;19,20937271;4,20937271;;
SG_940_150A_3;160;152;11;16;19,41648784;;;;SG_940_150A_3;122;156;;SG_940_150A_3;29;;38,20994635;9,58351216;;
SG_940_150A_3_g;210;209;14;10;17,20465053;;;;SG_940_150A_3_g;99;216;;SG_940_150A_3_g;18;;111,2205017;0,79534947;;
SG_940_150A_4;175;186;14;16;21,26029163;;;;SG_940_150A_4;136;193;;SG_940_150A_4;31;;39,62322551;9,73970837;;
SG_940_150A_4_g;186;187;10;12;15,62049935;;;;SG_940_150A_4_g;188;183;;SG_940_150A_4_g;27;;4,472135955;11,37950065;;
SG_940_150A_5;179;170;10;13;16,40121947;;;;SG_940_150A_5;131;176;;SG_940_150A_5;28;;48,37354649;11,59878053;;
SG_940_150A_5_g;181;170;12;12;16,97056275;;;;SG_940_150A_5_g;328;72;;SG_940_150A_5_g;29;;176,6720125;12,02943725;;
SG_940_150A_6_g;212;183;14;16;21,26029163;;;;SG_940_150A_6_g;205;185;;SG_940_150A_6_g;28;;7,280109889;6,73970837;;
SG_940_150A_7_g;220;203;9;10;13,45362405;;;;SG_940_150A_7_g;394;142;;SG_940_150A_7_g;17;;184,3827541;3,54637595;;
SG_940_150A_8;185;178;11;6;12,52996409;;;;SG_940_150A_8;202;182;;SG_940_150A_8;34;;17,4642492;21,47003591;;
SG_940_150A_8_g;202;190;13;11;17,02938637;;;;SG_940_150A_8_g;347;83;;SG_940_150A_8_g;21;;180,2054383;3,97061363;;
SG_940_150A_9;192;173;13;5;13,92838828;;;;SG_940_150A_9;179;176;;SG_940_150A_9;33;;13,34166406;19,07161172;;
SG_940_150A_9_g;177;173;15;9;17,49285568;;;;SG_940_150A_9_g;343;73;;SG_940_150A_9_g;22;;193,7937047;4,50714432;;
SG_940_150A_cam;187;174;19;10;21,47091055;;;;SG_940_150A_cam;233;315;;SG_940_150A_cam;18;;148,3138564;3,47091055;;
SG_940_150A_cam_g;200;160;24;10;26;;;;SG_940_150A_cam_g;424;339;;SG_940_150A_cam_g;21;;286,7350694;5;;
SG_940_150A_lb_g;193;187;11;23;25,49509757;;;;SG_940_150A_lb_g;184;193;;SG_940_150A_lb_g;16;;10,81665383;9,49509757;;
SG_940_150A_lt;194;167;13;9;15,8113883;;;;SG_940_150A_lt;145;180;;SG_940_150A_lt;33;;50,69516742;17,1886117;;
SG_940_150A_lt_g;202;159;7;14;15,65247584;;;;SG_940_150A_lt_g;345;69;;SG_940_150A_lt_g;28;;168,9644933;12,34752416;;
SG_940_150A_rb_g;158;174;19;13;23,02172887;;;;SG_940_150A_rb_g;346;84;;SG_940_150A_rb_g;13;;208,4322432;10,02172887;;
SG_940_150A_rt;156;162;6;12;13,41640786;;;;SG_940_150A_rt;213;160;;SG_940_150A_rt;80;;57,03507693;66,58359214;;
SG_940_150A_rt_g;191;155;18;9;20,1246118;;;;SG_940_150A_rt_g;365;72;;SG_940_150A_rt_g;28;;192,7822606;7,8753882;;
